,upper,lower
a,1.1749217746176275,-1.622511022090962
b,1.826246807714486,-1.3776949602054676
